"table_name";"owner"
"client_member_project_map_new";"Rukesh"
"client_members_new";"Rukesh"
"action_notification_mapping";"Vishalakshi,SPC Karthik"
"actions_new";"Vishalakshi,SPC Karthik"
"survey_css_header";"Garima,Rukesh"
"survey_header";"Garima,Rukesh"
"audit_history";"Vishalakshi,SPC Karthik"
"audit_logs";"Vishalakshi,SPC Karthik"
"client_awards_info";"Rukesh"
"client_member_awards_new";"Rukesh"
"client_member_interests_new";"Rukesh"
"client_member_profile_view_log";"Rukesh"
"client_member_skills_new";"Rukesh"
"client_member_testimonials";"Rukesh"
"client_member_update_log";"Rukesh"
"client_milestones";"Rukesh"
"client_testimonals";"Rukesh"
"lnd_delivery_mode_mst";"Aray,Neha"
"lnd_events";"Aray,Neha"
"location_attribute_details";"Santhosh"
"training_plan_modes_mst";"Mathi"
"training_plan_role_mapping";"Mathi"
"customer_product_project_mapping";"Rukesh"
"customer_product_types_mst";"Rukesh"
"customer_products";"Rukesh"
"customer_products_client_people_mapping";"Rukesh"
"training_plan_status_mst";"Mathi"
"training_plans";"Mathi"
"ultimatix_app_categories";"Harsh"
"ultimatix_apps";"Harsh"
"ultimatix_recent_apps";"Harsh"
"user_current_role_stream_details";"Kiran"
"user_day_planner";"Aray,Neha"
"user_portfolio_assignments";"Harsh"
"user_portfolio_awards";"Harsh"
"user_portfolio_clients";"Harsh"
"user_portfolio_details";"Harsh"
"user_portfolio_roles";"Harsh"
"user_portfolio_skills";"Harsh"
"user_portfolio_statistics";"Harsh"
"user_portfolio_team_members";"Harsh"
"user_recommendations";"Harsh"
"user_work_events";"Aray,Neha"
"user_responsibilities_plan";"Harsh,Santhosh"
"entity_subject_mapping";"Kiran"
"checklist_event_mapping";"Aray,Neha"
"event_addtl_details";"Aray,Neha"
"event_addtl_types";"Aray,Neha"
"event_categories";"Aray"
"entity_resource_categories";"Harsh"
"entity_resource_types";"Harsh"
"dashboard_application_reports";"Pratap"
"event_status";"Aray,Neha"
"event_types";"Aray,Neha"
"event_types_views_map";"Aray,Neha"
"event_views";"Aray,Neha"
"dashboard_performance_nonperformance_reports";"Pratap"
"dni_alert_actions";"Pratap,Rajesh"
"dni_analytics_compare_factors";"Pratap,Rajesh"
"events";"Aray,Neha"
"dni_analytics_factors";"Pratap,Rajesh"
"dni_analytics_factors_mst_values";"Pratap,Rajesh"
"dni_analytics_property_mst";"Pratap,Rajesh"
"dni_analytics_property_values";"Pratap,Rajesh"
"dni_analytics_views";"Pratap,Rajesh"
"dni_currencies_mst";"Pratap,Rajesh"
"dni_daycare_agegroups_mst";"Pratap,Rajesh"
"dni_daycare_categories_mst";"Pratap,Rajesh"
"dni_daycare_cost_structures";"Pratap,Rajesh"
"dni_daycare_durations_mst";"Pratap,Rajesh"
"dni_daycare_enrollments";"Pratap,Rajesh"
"dni_daycare_facilities_mst";"Pratap,Rajesh"
"dni_daycare_facilities_types_mst";"Pratap,Rajesh"
"dni_daycare_facility_mappings";"Pratap,Rajesh"
"dni_daycare_images";"Pratap,Rajesh"
"dni_daycare_locations";"Pratap,Rajesh"
"dni_daycare_review_parameters_mst";"Pratap,Rajesh"
"dni_daycare_reviews";"Pratap,Rajesh"
"dni_daycares";"Pratap,Rajesh"
"dni_initiatives";"Pratap,Rajesh"
"dni_leader_journey_answers";"Pratap,Rajesh"
"dni_leader_journey_questions";"Pratap,Rajesh"
"dni_leaders";"Pratap,Rajesh"
"gov_processes_roles";"Visalakshi"
"dni_testimonials";"Pratap,Rajesh"
"happening_viewer_objects";"Vishalakshi,SPC Karthik"
"happening_viewers_new";"Vishalakshi,SPC Karthik"
"happenings";"Vishalakshi,SPC Karthik"
"happenings_card_actions";"Vishalakshi,SPC Karthik"
"happenings_users_group_count";"Vishalakshi,SPC Karthik"
"entity_attribute_details";"Kiran"
"entity_owner_details";"Kiran"
"entity_announcements";"Pratap,Rajesh"
"hub_assets";"Rose,Kiran"
"entity_attributes_fetch_rules";"Rose,Kiran"
"entity_resources";"Pratap,Rajesh"
"entity_external_links";"Rajesh"
"hub_contributors";"Rose,Kiran"
"entity_opinions";"Rajesh"
"hub_linkages";"Rose,Kiran"
"hub_subscriptions";"Rose,Kiran"
"hub_user_action_history";"Rose,Kiran"
"hub_user_rating";"Rose,Kiran"
"hubs";"Rose,Kiran"
"ibelong_about_your_role_mapping";"Prathyusha"
"ibelong_about_your_role_mst";"Prathyusha"
"behavioural_attribute_mst";"Santhosh"
"ibelong_buddies";"Prathyusha"
"entity_attribute_mapping_mst_values";"Santhosh"
"ibelong_buddy_checklist_mst";"Prathyusha"
"ibelong_buddy_new_joinee_checklist_mapping";"Prathyusha"
"ibelong_category_master";"Prathyusha"
"ad_invite";"Vishalakshi"
"app_based_frequently_asked_questions";"Prathyusha"
"learning_request";"Aray,Neha"
"learning_request_status_mst";"Aray,Neha"
"job_roles_master";"Santhosh"
"ibelong_country_admin_essentials_settings";"Prathyusha"
"ibelong_country_admin_training_settings";"Prathyusha"
"ibelong_country_admins";"Prathyusha"
"ibelong_docs_status_mst";"Prathyusha"
"ibelong_entitlements_mst";"Prathyusha"
"ibelong_feedback_answers";"Prathyusha"
"ibelong_feedback_dimension_mst";"Prathyusha"
"ibelong_feedback_option_mst";"Prathyusha"
"ibelong_feedback_phase_mst";"Prathyusha"
"ibelong_feedback_question_mst";"Prathyusha"
"ibelong_feedback_user_category_mst";"Prathyusha"
"ibelong_geography_documents_mst";"Prathyusha"
"ibelong_geography_hr_integration_players";"Prathyusha"
"learning_request_subject_mapping";"Aray,Neha"
"ibelong_hr_other_workflow_dtls";"Prathyusha"
"ibelong_hr_other_workflow_mst";"Prathyusha"
"ibelong_induction_mode_country_admin";"Prathyusha"
"ibelong_induction_session_details";"Prathyusha"
"ibelong_induction_session_details_country_admin";"Prathyusha"
"ibelong_iou_documents_mst";"Prathyusha"
"ibelong_iou_integration_spocs";"Prathyusha"
"kyp_aspects_overall_rating";"Harsh"
"ibelong_manager_checklist_mst";"Prathyusha"
"ibelong_manager_new_joinee_checklist_mapping";"Prathyusha"
"ibelong_messages_mst";"Prathyusha"
"kyp_portfolio_aspect_mst";"Harsh"
"ibelong_task_manager_view_mst";"Prathyusha"
"ibelong_task_mapping";"Prathyusha"
"ibelong_task_title_mst";"Prathyusha"
"kyp_portfolio_showcases_types_mst";"Harsh"
"ibelong_user_induction";"Prathyusha"
"ibelong_users_settings_history";"Prathyusha"
"kyp_portfolio_testimonial_ratings";"Harsh"
"leave_status_mst";"Sruti"
"lnd_calendar_types_mst";"Aray,Neha"
"geo_locations";"Kiran"
"hub_attribute";"Rose,Kiran"
"hub_attribute_mapping";"Rose,Kiran"
"hub_create_request";"Rose,Kiran"
"ibelong_branches_spocs";"Prathyusha"
"ibelong_buddy_cancellation_reasons_mst";"Prathyusha"
"ibelong_career_stream_roles";"Prathyusha"
"ibelong_career_streams";"Prathyusha"
"ibelong_connect_form_managers_response";"Prathyusha"
"ibelong_connect_form_questions";"Prathyusha"
"ibelong_connect_from_questions_option";"Prathyusha"
"ibelong_geography_videos";"Prathyusha"
"ibelong_iou_videos";"Prathyusha"
"ibelong_role_report_mapping";"Prathyusha"
"ibelong_user_aspirations_role_subjects_mapping";"Prathyusha"
"ibelong_user_career_aspiration";"Prathyusha"
"ibelong_user_current_phases";"Prathyusha"
"ibelong_user_doc_rejection_remarks";"Prathyusha"
"irc_event_categories";"Aray,Neha"
"mail_scheduler";"Garima,Rukesh"
"linkpreview";"koontal"
"geo_entity_filters";"Prathyusha"
"geo_filters";"Prathyusha"
"geo_filters_values";"Prathyusha"
"user_contacts";"Mubeen"
"user_employments";"Mubeen"
"survey_factors_draft";"Garima,Rukesh"
"notification_objects";"Vishalakshi,SPC Karthik"
"notifications_new";"Vishalakshi,SPC Karthik"
"survey_manage_cards";"Garima,Rukesh"
"survey_mst_additional_att";"Garima,Rukesh"
"survey_mst_additional_att_draft";"Garima,Rukesh"
"users";"Mubeen"
"survey_mst_section_draft";"Garima,Rukesh"
"rca_analysing_questions_mst";"Mathi"
"rca_analysis";"Mathi"
"survey_question_followup";"Garima,Rukesh"
"rca_assignments";"Mathi"
"rca_coc";"Mathi"
"rca_coc_managers";"Mathi"
"rca_entities";"Mathi"
"rca_entity_attribute_values";"Mathi"
"rca_entity_attributes_new";"Mathi"
"rca_goals_new";"Mathi"
"rca_group_values";"Mathi"
"rca_groups";"Mathi"
"survey_question_followup_draft";"Garima,Rukesh"
"rca_sources";"Mathi"
"rca_status_mst";"Mathi"
"rcas";"Mathi"
"survey_responses_followup";"Garima,Rukesh"
"survey_satisfiers_dissatisfiers";"Garima,Rukesh"
"survey_template_questions";"Garima,Rukesh"
"survey_theme_preference";"Garima,Rukesh"
"survey_types_mst_draft";"Garima,Rukesh"
"role_goal_mapping";"Kiran"
"sticky_cards_mst";"Santhosh"
"testimonial_entity_mapping";"Harsh"
"prime_recent_project_workspaces";"Karthik"
"report_types";"Kiran"
"risk_contingency_plan";"Harsh,SPC Karthik"
"risk_exposure_details";"Harsh,SPC Karthik"
"risk_financial_currency_mst";"Harsh,SPC Karthik"
"risk_financial_history";"Harsh,SPC Karthik"
"risk_impacted_detail";"Harsh,SPC Karthik"
"risk_impacts";"Harsh,SPC Karthik"
"risk_impacts_mappings";"Harsh,SPC Karthik"
"risk_nature_impact_mapping";"Harsh,SPC Karthik"
"risk_process_source";"Harsh,SPC Karthik"
"risk_realised";"Harsh,SPC Karthik"
"risk_resolution_actions";"Harsh,SPC Karthik"
"risk_status";"Harsh,SPC Karthik"
"risks";"Harsh,SPC Karthik"
"shout_dont_show";"Nawdeep"
"shout_players";"Nawdeep"
"suggestion_pattern_master";"Vishalakshi"
"suggestion_pattern_rule_mapping";"Vishalakshi"
"suggestion_rule_master";"Vishalakshi"
"project_status";"Rukesh"
"subscriptions";"Rajesh"
"plan_request_event_mapping";"Aray"
"planner_categories_mst";"Aray"
"planner_entity_type_mst";"Aray"
"repo_category_mst";"Rukesh,Rajesh"
"repo_entity_used_mst";"Rukesh,Rajesh"
"repo_license_mst";"Rukesh,Rajesh"
"repo_tab_mst";"Rukesh,Rajesh"
"report_filters";"Pratap"
"report_queue_status";"Pratap"
"subject_area";"Rose,Kiran,Santhosh"
"subject_area_property_values";"Rose,Kiran"
"checklist_section_mappings";"Visalakshi"
"gov_attribute_entity_mapping";"Visalakshi"
"gov_attribute_values";"Visalakshi"
"gov_attributes";"Visalakshi"
"gov_group_levels";"Visalakshi"
"gov_group_players";"Visalakshi"
"gov_group_roles";"Visalakshi"
"gov_group_tagged_accounts";"Visalakshi"
"gov_group_tagged_projects";"Visalakshi"
"gov_group_tagged_units";"Visalakshi"
"gov_groups";"Visalakshi"
"gov_level_types";"Visalakshi"
"gov_processes";"Visalakshi"
"gov_processes_apps";"Visalakshi"
"gov_processes_groups";"Visalakshi"
"gov_processes_linkage";"Visalakshi"
"gov_processes_metrics";"Visalakshi"
"group_scope";"Visalakshi"
"emoticon_types";"Visalakshi"
"emoticons";"Visalakshi"
"microblogs_entities";"Visalakshi"
"microblogs_other_user_taggings";"Visalakshi"
"microblogs_uploads";"Visalakshi"
"role_event_mapping";"Visalakshi"
"role_behavioural_attributes";"Rose,Kiran,Santhosh"
"role_certification_prerequisites";"Rose,Kiran,Santhosh"
"role_prerequisites";"Rose,Kiran,Santhosh"
"role_responsibilities";"Rose,Kiran,Santhosh"
"role_responsibilities_areas";"Rose,Kiran,Santhosh"
"role_responsibilities_details";"Rose,Kiran,Santhosh"
"task_additional_details";"SPC,Harsh"
"task_cost_drivers";"SPC,Harsh"
"task_dependencies";"SPC,Harsh"
"task_priorities";"SPC,Harsh"
"team_requirements";"Santhosh"
"team_smes";"Santhosh"
"team_users";"Santhosh"
"teams";"Santhosh"
"role_responsibility_dtls";"Rose,Kiran,Santhosh"
"subject_subscriptions";"Rose,Kiran,Santhosh"
"user_folders";"Santhosh"
"user_subjects";"Kiran"
"user_current_suggestion";"Vishalakshi"
"user_mobile_devices_tracker";"Swarna"
"survey_migrated_levels";"Krishna"
"diversity_index_count";"prashanth"
"user_events";"Aray,Neha"
"accomodation_agegroups_mst";"Harsh,Rajesh"
"accomodation_categories_mst";"Harsh,Rajesh"
"accomodation_cost_structures";"Harsh,Rajesh"
"accomodation_currencies_mst";"Harsh,Rajesh"
"accomodation_durations_mst";"Harsh,Rajesh"
"accomodation_enrollments";"Harsh,Rajesh"
"accomodation_facilities_mst";"Harsh,Rajesh"
"prime_awards";"Aray"
"user_role_entity_map";"Visalakshi"
"user_role_entity_map_history";"Visalakshi"
"prime_award_nominations_status";"Aray"
"prime_award_eligibity";"Aray"
"prime_award_nominations";"Aray"
"prime_award_nomination_documents";"Aray"
"hub_subject_property_value_acceptance_mst";"Nawdeep"
"wbs_effort_units";"Harsh,SPC karthik"
"wbs_node_dependencies";"Harsh,SPC karthik"
"wbs_node_status";"Harsh,SPC karthik"
"wbs_node_types";"Harsh,SPC karthik"
"wbs_node_versions";"Harsh,SPC karthik"
"wbs_nodes";"Harsh,SPC karthik"
"wbs_work_assigned_mapping";"Harsh,SPC karthik"
"wbs_work_versions";"Harsh,SPC karthik"
"work_history";"Vishalakshi,SPC Karthik"
"working_view_actions_taken_on_entities";"Harsh,SPC Karthik"
"working_view_contribution_attributes";"Harsh,SPC Karthik"
"working_view_contributions_mst";"Harsh,SPC Karthik"
"working_view_entity_constraints";"Harsh,SPC Karthik"
"working_view_entity_contribution_analysis";"Harsh,SPC Karthik"
"working_view_entity_contributions";"Harsh,SPC Karthik"
"working_view_key_decisions";"Harsh,SPC Karthik"
"working_view_plan_types_mst";"Harsh,SPC Karthik"
"working_view_user_analysis";"Harsh,SPC Karthik"
"working_view_user_approaches";"Harsh,SPC Karthik"
"working_view_user_assumptions";"Harsh,SPC Karthik"
"working_view_user_impacts";"Harsh,SPC Karthik"
"working_view_user_plans";"Harsh,SPC Karthik"
"survey_tracker_project_level";"Kiran"
"app_view_master";"Vishalakshi"
"eqp_filter_rnp_mapping";"Vishalakshi"
"award_organizing_commitee";"Aray"
"prime_award_prizes";"Aray"
"accomodation_eligibility";"Rajesh"
"accomodation_models";"Rajesh"
"eqp_entity_mappings";"Pratap"
"accomodation_facilities_types_mst";"Harsh,Rajesh"
"accomodation_facility_mappings";"Harsh,Rajesh"
"accomodation_images";"Harsh,Rajesh"
"accomodation_locations";"Harsh,Rajesh"
"accomodation_review_parameters_mst";"Harsh,Rajesh"
"accomodation_reviews";"Harsh,Rajesh"
"accomodation_types";"Harsh,Rajesh"
"accomodations";"Harsh,Rajesh"
"aspiration_action_plan_entity_suggestions";"Harsh,Santhosh"
"aspiration_buddy_mapping";"Harsh,Santhosh"
"aspiration_building_roles";"Harsh,Santhosh"
"aspirations_dynmaic_widget";"Harsh,Santhosh"
"audit_logs_sub_entity";"Vishalakshi,SPC Karthik"
"entity_resource_additional_details";"Kiran"
"checklist_mst";"Aray,Neha"
"event_access_logs";"Aray,Neha"
"event_efforts";"Aray,Neha"
"event_feedback";"Aray,Neha"
"event_questionnaire_mst";"Aray,Neha"
"event_reports";"Aray,Neha"
"event_zone_categories";"Aray,Neha"
"entity_taggings";"Harsh"
"event_zone_subscriptions";"Aray,Neha"
"event_zones";"Aray,Neha"
"events_dynmaic_widget";"Aray"
"faculty_nomination";"Aray,Neha"
"faculty_nomination_status_mst";"Aray,Neha"
"faculty_pool";"Aray,Neha"
"eqp_entity_notifications";"Pratap"
"faculty_subject_mapping";"Aray,Neha"
"feedback_question_event_mapping";"Aray,Neha"
"feedback_question_template_mapping";"Aray,Neha"
"feedback_questionaire_type_mst";"Aray,Neha"
"feedback_template";"Aray,Neha"
"fts_privacy_settings_details";"Rose"
"fts_privacy_settings_mst";"Rose"
"geo_entity_locations";"Kiran"
"regional_head_message_desc_details";"Kiran"
"project_billing_types";"Kiran"
"spoc_learning_req_mapping";"Vishalakshi"
"mst_themes";"Garima,Rukesh"
"rca_areas_of_improvement";"Mathi"
"rca_invited_players_dtls";"Mathi"
"quick_create_entities";"Vishalakshi"
"role_statistics";"Rose,Kiran"
"role_stream_level_mapping";"Rose,Kiran"
"survey_att_language";"Garima,Rukesh"
"survey_category_mst";"Garima,Rukesh"
"survey_components_parts";"Garima,Rukesh"
"survey_css_template";"Garima,Rukesh"
"survey_factors";"Garima,Rukesh"
"survey_status";"Garima,Rukesh"
"testimonials";"Pratap,Rajesh"
"wbs_item_types";"Harsh,SPC karthik"
"wbs_milestone_mappings";"Harsh,SPC karthik"
"wbs_milestone_status";"Harsh,SPC karthik"
"wbs_milestone_types";"Harsh,SPC karthik"
"wbs_milestones";"Harsh,SPC karthik"
"working_view_risk_response_suggestion";"Harsh,SPC Karthik"
"checklist_applicability";"Visalakshi"
"checklist_purpose_mst";"Visalakshi"
"opinions_tagged_users";"Rajesh"
"opinions_user_workspace_bookmarks";"Rajesh"
"people_expertise";"Rajesh,Alekya"
"project_portfolio_deliverables";"Harsh"
"role_subject_mapping";"Harsh"
"aspect_filter_maps";"Pratap"
"aspect_role_filter_map";"Pratap"
"aspect_role_map";"Pratap"
"aspects";"Pratap"
"clips";"Santhosh"
"checklist_sections";"Vishalakshi"
"calendar_messages_mst";"Sruti"
"cultural_event_location_mst";"Sruti"
"cultural_mst";"Sruti"
"dashboard_topten_projects_in_tcs";"Pratap"
"deliverable_status";"Harsh"
"dont_ask_suggestions";"Santhosh"
"entity_aspect_details";"Kiran"
"entity_role_permission_map";"Vishalakshi"
"entity_status_role_config";"Vishalakshi"
"entity_messages_all_envs";"Prathyusha"
"functional_entity_mapping";"Kiran"
"functionalities_master";"Kiran"
"functionality_user_details";"Kiran"
"job_area_statistics";"Kiran"
"holiday_location_mst";"Sruti"
"holiday_mst";"Sruti"
"hub_attribute_mapping_values_transaction";"Kiran"
"gems_awards_mst";"Vishalakshi"
"ibelong_user_entitlements";"Prathyusha"
"ibelong_country_admin_docs_settings";"Prathyusha"
"ibelong_docs_mst";"Prathyusha"
"ibelong_user_iou";"Prathyusha"
"user_role_platform_map";"Prathyusha"
"ibelong_user_docs";"Prathyusha"
"ibelong_users";"Prathyusha"
"client_customer_map";"Rukesh"
"mail_template_attributes";"Garima"
"mail_template_content";"Garima"
"mail_template_types";"Garima"
"happenings_excluded_users";"SPC Karthik"
"css_associated_project_draft";"Rukesh"
"project_level_css_report";"Kiran"
"survey_css_mst_causal_status";"Garima,Rukesh"
"survey_css_project_causal";"Garima,Rukesh"
"survey_css_project_causal_dtls";"Garima,Rukesh"
"survey_dimensions_mst";"Garima,Rukesh"
"survey_dimensions_values";"Garima,Rukesh"
"survey_link";"Garima,Rukesh"
"survey_mst_attribute_draft";"Garima,Rukesh"
"survey_mst_section";"Garima,Rukesh"
"survey_responses";"Garima,Rukesh"
"survey_types_mst";"Garima,Rukesh"
"user_family_details";"Rose,Kiran"
"user_home_emergency_dtls";"Rose,Kiran"
"user_national_identifier_details";"Kiran"
"eqp_it_issue_tracker";"Prasanth"
"user_religion_caste_details";"Kiran"
"work_area_dtls_master";"Kiran"
"survey_mst_attribute";"Garima,Rukesh"
"eqp_category_status_snapshot";"Richa,Khushboo"
"eqp_causal_category_detail";"Richa,Khushboo"
"eqp_causal_category_master";"Richa,Khushboo"
"eqp_cssdata";"Richa,Khushboo"
"eqp_cssheader";"Richa,Khushboo"
"eqp_dash_bpo_ver_hor_du_map";"Richa,Khushboo"
"eqp_dash_client_ou_map";"Richa,Khushboo"
"eqp_dash_defect_age";"Richa,Khushboo"
"eqp_dash_ip_ou_map";"Richa,Khushboo"
"eqp_dash_sp_ou_map";"Richa,Khushboo"
"eqp_date_master";"Richa,Khushboo"
"eqp_defectcause_mst";"Richa,Khushboo"
"eqp_defect_severity";"Richa,Khushboo"
"eqp_defect_status_fact";"Richa,Khushboo"
"eqp_defect_type_code_mst";"Richa,Khushboo"
"eqp_det_inj_dtls";"Richa,Khushboo"
"eqp_dppo_prj_causal_analysis";"Richa,Khushboo"
"eqp_dynamic_raw_metrics";"Richa,Khushboo"
"eqp_excpdb_all_active_projects";"Richa,Khushboo"
"eqp_excpdb_billing_only";"Richa,Khushboo"
"eqp_excpdb_kbank";"Richa,Khushboo"
"eqp_excpdb_no_future_deliverables";"Richa,Khushboo"
"eqp_excpdb_pending_daf";"Richa,Khushboo"
"eqp_excpdb_pending_psu";"Richa,Khushboo"
"eqp_excpdb_project_type_others";"Richa,Khushboo"
"eqp_excpdb_project_without_alloc";"Richa,Khushboo"
"eqp_excpdb_risk_not_updated";"Richa,Khushboo"
"eqp_excpdb_staffaug_turnkey";"Richa,Khushboo"
"eqp_excpdb_ump_not_appliacble";"Richa,Khushboo"
"eqp_geography_lvl_snapshot";"Richa,Khushboo"
"eqp_halfyearly_metric_data";"Richa,Khushboo"
"eqp_halfyear_master";"Richa,Khushboo"
"eqp_hierarchy_snapshot";"Richa,Khushboo"
"eqp_ipms_compl_indvi_kpi";"Richa,Khushboo"
"eqp_issue_level_master";"Richa,Khushboo"
"eqp_issue_master";"Richa,Khushboo"
"eqp_metric_causal_detail";"Richa,Khushboo"
"eqp_metric_control_table";"Richa,Khushboo"
"eqp_metric_du_lvl_value";"Richa,Khushboo"
"eqp_metric_master";"Richa,Khushboo"
"eqp_metric_rag_band_fact";"Richa,Khushboo"
"eqp_monthly_metric_data";"Richa,Khushboo"
"eqp_month_master";"Richa,Khushboo"
"eqp_order";"Richa,Khushboo"
"eqp_ou_lvl_snapshot";"Richa,Khushboo"
"eqp_pct_ontime_delivery";"Richa,Khushboo"
"eqp_per_cus_satis_index";"Richa,Khushboo"
"eqp_pmr_rag_master";"Richa,Khushboo"
"eqp_prf_profile_master";"Richa,Khushboo"
"eqp_prf_user_profile";"Richa,Khushboo"
"eqp_proj_defectcause_severity";"Richa,Khushboo"
"eqp_proj_defect_type_cnt";"Richa,Khushboo"
"eqp_project_agecolor";"Richa,Khushboo"
"eqp_project_bpo_bus_details";"Richa,Khushboo"
"eqp_project_bpo_ver_details";"Richa,Khushboo"
"eqp_project_master";"Richa,Khushboo"
"eqp_project_size_master";"Richa,Khushboo"
"eqp_project_status_fact";"Richa,Khushboo"
"eqp_project_status_order";"Richa,Khushboo"
"eqp_project_type_lvl_snapshot";"Richa,Khushboo"
"eqp_proj_eff_itm_def_dtls";"Richa,Khushboo"
"eqp_proj_review_dtls";"Richa,Khushboo"
"eqp_proj_ump_causal_defaults";"Richa,Khushboo"
"eqp_psu_signoff";"Richa,Khushboo"
"eqp_quarterly_metric_data";"Richa,Khushboo"
"eqp_quarter_master";"Richa,Khushboo"
"eqp_relationship";"Richa,Khushboo"
"eqp_relation_snapshot";"Richa,Khushboo"
"eqp_review_master";"Richa,Khushboo"
"eqp_review_type";"Richa,Khushboo"
"eqp_sub_category_master";"Richa,Khushboo"
"eqp_tcs_lvl_snapshot";"Richa,Khushboo"
"eqp_vertical_master";"Richa,Khushboo"
"eqp_won_bpo_attributes_mst";"Richa,Khushboo"
"eqp_wonrelation";"Richa,Khushboo"
"user_leave_balance";"Sruti"
"user_statistics_display";"Krishna"
"tqas_audit_record_report";"Pratap"
"tqas_qp_audit_compliance_view";"Pratap"
"tqas_qp_ncr_report";"Pratap"
"tqas_qp_pmr_issue_view";"Pratap"
"tqas_qp_pmr_review_schedule";"Pratap"
"psu_pwu_details";"Pratap"
"project_psu_dtls_action_item";"Pratap"
"psu_applicability_reqd";"Pratap"
"psu_project_mst";"Pratap"
"tcs_ipms_isometrix_causal_dtls";"Rukesh"
"emp_role_unit_work_area_tagging";"Santhosh"
"eqp_category_master";"Richa,Khushboo"
"qp_pmr_issue_view";"Richa,Khushboo"
"geo_tcs_offices_locations";"Kiran"
"ibelong_cmplcy_transaction_dtls";"Prathyusha"
"irc_biblioitems";"Rose"
"irc_books_data";"Rose"
"job_details_master";"Santhosh"
"language_mst";"Garima,Rukesh"
"project_additional_details";"Mathi,Kiran"
"survey_att_questions";"Garima,Rukesh"
"survey_att_questions_draft";"Garima,Rukesh"
"survey_css_account_causal_dtls";"Garima,Rukesh"
"survey_css_du_causal_dtls";"Garima,Rukesh"
"survey_freezing_info";"Garima,Rukesh"
"user_mindworks_quizzes";"Mathi"
"user_courses";"Santhosh"
"ievolve_competency_cert_dtls";"Rose,Kiran,Santhosh"
"ievolve_course_details";"Rose,Kiran,Santhosh"
"ievolve_lnd_course_competency";"Rose,Kiran,Santhosh"
"user_aspirational_role_details";"Santhosh"
"user_hr_emp_positions_dtls";"Santhosh"
"user_pri_sec_competency_details";"Santhosh"
"confirmed_project_users_competencies";"Kiran"
"css_applicable_projects";"Garima,Rukesh"
"css_applicable_projects_fy";"Garima,Rukesh"
"css_associated_project";"Garima,Rukesh"
"css_mst_applicability_rsn";"Garima,Rukesh"
"css_project_calendar";"Garima,Rukesh"
"emp_leave_dtls";"Aray,Neha"
"hrms_emp_leave_dtls";"Aray,Neha"
"irc_books_master";"Rajesh"
"eqp_per_rework_prod_support";"Sruthi"
"project_tools_used";"Kiran"
"project_hw_sw_details";"Kiran"
"project_programming_lang_dtls";"Kiran"
"eqp_won_opt_details";"Prasanth"
"eqp_won_status_dates";"Prasanth"
"eqp_defect_severitycode_mst";"Richa,Khushboo"
"user_depute_officer_hr_dtls";"Kiran"
"user_leave_hst";"Sruti"
"css_attributewise_report";"Rukesh"
"dashboard_du_level_summary_report";"Kiran"
"dashboard_pnl_summary_report";"Kiran"
"access_requests_master";"Visalakshi"
"access_requests_details";"Visalakshi"
"entity_natures";"Aparna,Mathi"
"issues";"Aparna,Mathi "
