<beans xmlns="http://www.springframework.org/schema/beans"
	xmlns:xsi="http://www.w3.org/2001/XMLSchema-instance" xmlns:context="http://www.springframework.org/schema/context"
	xmlns:mvc="http://www.springframework.org/schema/mvc" xmlns:tx="http://www.springframework.org/schema/tx"
	xmlns:aop="http://www.springframework.org/schema/aop"
	xsi:schemaLocation="http://www.springframework.org/schema/beans
 http://www.springframework.org/schema/beans/spring-beans-2.5.xsd
 http://www.springframework.org/schema/mvc
 http://www.springframework.org/schema/mvc/spring-mvc-3.0.xsd
 http://www.springframework.org/schema/tx 
 http://www.springframework.org/schema/tx/spring-tx.xsd
 http://www.springframework.org/schema/context
 http://www.springframework.org/schema/context/spring-context-3.0.xsd
 http://www.springframework.org/schema/aop   
 http://www.springframework.org/schema/aop/spring-aop.xsd">

	<mvc:annotation-driven />
	<context:component-scan base-package="com.tcs">
	<!-- <context:include-filter type="annotation"
			expression="org.springframework.stereotype.Controller" />
		<context:exclude-filter type="annotation"
			expression="org.springframework.stereotype.Service" />
		<context:exclude-filter type="annotation"
			expression="org.springframework.stereotype.Repository" /> -->
	
	</context:component-scan>
	<context:annotation-config />
	<tx:annotation-driven transaction-manager="transactionManager" />
<!-- <bean id="animal" class="com.tcs.bean.Animal">
<constructor-arg index="0" value="123">
</constructor-arg>
<constructor-arg index="1" value="abc">
</constructor-arg>
<constructor-arg index="2" value="def">
</constructor-arg>
<constructor-arg index="3" value="xyz">
</constructor-arg>

</bean> -->
	 <!-- <bean id="aservice" class="com.tcs.service.AnimalServiceImpl" /> 
	<bean id="adao" class="com.tcs.dao.AnimalDaoImpl" />
	<bean id="shopService" class="com.tcs.service.ShoppingServiceImpl"></bean>
	<bean id="shopDao" class="com.tcs.dao.ShoppingDaoImpl"></bean>
<bean id="aspectExample" class="com.tcs.aop.AspectExample"></bean> -->


	<bean id="transactionManager"
		class="org.springframework.jdbc.datasource.DataSourceTransactionManager">
		<property name="dataSource" ref="dataSource" />
	</bean>

	<bean id="dataSource"
		class="org.springframework.jdbc.datasource.DriverManagerDataSource">
		<property name="driverClassName" value="org.postgresql.Driver"></property>
		<property name="url" value="jdbc:postgresql://localhost:5432/VSM"></property>
		<property name="username" value="postgres"></property>
		<property name="password" value="Apps12#"></property>
	</bean>

	<bean id="hibernate3AnnotatedSessionFactory"
		class="org.springframework.orm.hibernate3.annotation.AnnotationSessionFactoryBean">
		<property name="dataSource" ref="dataSource" />
		<property name="annotatedClasses">
			<list>
				<value>com.tcs.bean.Animal</value>
				<value>com.tcs.bean.Shopping</value>
				<value>com.tcs.bean.Item</value>
			</list>

		</property>
		<property name="hibernateProperties">
			<props>
				<prop key="hibernate.dialect">org.hibernate.dialect.PostgreSQLDialect</prop>
				<prop key="show_sql">true</prop>
				<!-- <prop key="hibernate.temp.use_jdbc_metadata_defaults">false</prop> -->
				<!-- <property name="hbm2ddl.auto">create</property> -->
				<prop key="format_sql">true</prop>
				<prop key="use_sql_comments">true</prop>
				<prop key="hibernate.show_sql">true</prop>
			</props>
		</property>
	</bean>


<bean class="org.springframework.aop.aspectj.annotation.AnnotationAwareAspectJAutoProxyCreator"></bean> 

</beans>
